Isaiah,Stokes,Florida
Keith,Stone,Florida
Deaundrae,Ballard,Florida
Dontay,Bassett,Florida
Mike,Okauru,Florida
Kevarrius,Hayes,Florida
Kevaughn,Allen,Florida
Andrew,Nembhard,Florida
Keyontae,Johnson,Florida
Jalen,Hudson,Florida
Noah,Locke,Florida
Daniel,Purifoy,Auburn
Austin,Wiley,Auburn
J'Von,McCormick,Auburn
Horace,Spencer,Auburn
Chuma,Okeke,Auburn
Bryce,Brown,Auburn
Jared,Harper,Auburn
Malik,Dunbar,Auburn
Anfernee,McLemore,Auburn
Samir,Doughty,Auburn
Quade,Green,Kentucky
Ashton,Hagans,Kentucky
Keldon,Johnson,Kentucky
Tyler,Herro,Kentucky
Immanuel,Quickley,Kentucky
Reid,Travis,Kentucky
PJ,Washington,Kentucky
Jemarl,Baker,Kentucky
Nick,Richards,Kentucky
EJ,Montgomery,Kentucky
Jalen,Johnson,Tennessee
Derrick,Walker,Tennessee
John,Fulkerson,Tennessee
Yves,Pons,Tennessee
Lamonte,Turner,Tennessee
Jordan,Bowden,Tennessee
Kyle,Alexander,Tennessee
Admiral,Schofield,Tennessee
Jordan,Bone,Tennessee
Grant,Williams,Tennessee
Skylar,Mays,LSU
Tremont,Waters,LSU
Javonte,Smart,LSU
Emmitt,Williams,LSU
Darius,Days,LSU
Daryl,Edwards,LSU
Naz,Reid,LSU
Marlon,Taylor,LSU
Marshall,Graves,LSU
Kavell,Bigby-Williams,LSU
Dayon,Griffin,UCF
Ceasar,DeJesus,UCF
Frank,Bertz,UCF
BJ,Taylor,UCF
Terrell,Allen,UCF
Aubrey,Dawkins,UCF
Tacko,Fall,UCF
Chad,Brown,UCF
Collin,Smith,UCF
Chance,McSpadden,UCF
Jalen,Johnson,Murray State
Devin,Gilmore,Murray State
Anthony,Smith,Murray State
Ja,Morant,Murray State
Darnell,Cowart,Murray State
Mike,Davis,Murray State
Shaq,Buchanan,Murray State
Brion,Sanchious,Murray State
Jaiveon,Eaves,Murray State
Tevin,Brown,Murray State
KJ,Williams,Murray State
Brion,Whitley,Murray State
Brandon,Slater,Villanova
Saddiq,Bey,Villanova
Phil,Booth,Villanova
Eric,Paschall,Villanova
Dhamir,Crosby-Roundtree,Villanova
Jermaine,Samuels,Villanova
Collin,Gillespie,Villanova
Cole,Swider,Villanova
Jahvon,Quinerly,Villanova
Joe,Cremo,Villanova
Landon,Goesling,Houston
Chris,Harris,Houston
Corey,Davis,Houston
DeJon,Jarreau,Houston
Nate,Hinton,Houston
Galen,Robinson,Houston
Brison,Gresham,Houston
Fabian,White,Houston
Armoni,Brooks,Houston
Breaon,Brady,Houston
Cedrick,Alley,Houston
Alex,Michael,Wofford
Donovan,Theme-Love,Wofford
Michael,Manning,Wofford
Trevor,Stumpe,Wofford
Drew,Cottrell,Wofford
Chevez,Goodwin,Wofford
Matt,Pegram,Wofford
Tray,Hollowell,Wofford
Storm,Murphy,Wofford
Ryan,Larson,Wofford
Cameron,Jackson,Wofford
Fletcher,Magee,Wofford
Keve,Aluma,Wofford
Nathan,Hoover,Wofford
Darius,Allen,Baylor
Flo,Thamba,Baylor
Matthew,Mayer,Baylor
Tristan,Clark,Baylor
Freddie,Gillespie,Baylor
Makai,Mason,Baylor
Jared,Butler,Baylor
Mark,Vital,Baylor
Devonte,Bandoo,Baylor
Mario,Kegler,Baylor
King,McClure,Baylor
Andrew,Sorrells,Texas Tech
Josh,Mballa,Texas Tech
Avery,Benson,Texas Tech
Malik,Ondigo,Texas Tech
Deshawn,Corprew,Texas Tech
Norense,Odiase,Texas Tech
Matt,Mooney,Texas Tech
Davide,Moretti,Texas Tech
Jarrett,Culver,Texas Tech
Kyler,Edwards,Texas Tech
Brandone,Francis,Texas Tech
Tariq,Owens,Texas Tech
Parker,Hicks,Texas Tech
Hannes,Polla,Oklahoma
Matt,Freeman,Oklahoma
Jamuni,McNeace,Oklahoma
Rashard,Odomes,Oklahoma
Miles,Reynolds,Oklahoma
Aaron,Calixte,Oklahoma
Jamal,Bieniemy,Oklahoma
Brady,Manek,Oklahoma
Kristian,Doolittle,Oklahoma
Christian,James,Oklahoma
KJ,Lawson,Kansas
Udoka,Azubuike,Kansas
David,McCormack,Kansas
Mitch,Lightfoot,Kansas
Charlie,Moore,Kansas
Quentin,Grimes,Kansas
Devon,Dotson,Kansas
Dedric,Lawson,Kansas
Ochai,Agbaji,Kansas
Lagerald,Vick,Kansas
Marcus,Garrett,Kansas
Luke,Maye,North Carolina
Brandon,Robinson,North Carolina
Coby,White,North Carolina
Cameron,Johnson,North Carolina
Leaky,Black,North Carolina
Nassir,Little,North Carolina
Kenny,Williams,North Carolina
Seventh,Woods,North Carolina
Garrison,Brooks,North Carolina
KJ,Smith,North Carolina
Brandon,Huffman,North Carolina
Sterling,Manley,North Carolina
Andrew,Platek,North Carolina
Lovell,Cabbil,Liberty
Elijah,Cuffee,Liberty
Caleb,Homesley,Liberty
Georgie,Pacheco-Ortiz,Liberty
Darius,McGhee,Liberty
Scottie,James,Liberty
Keenan,Gumbs,Liberty
Keegan,McDowell,Liberty
Myo,Baxter-Bell,Liberty
Zach,Farguhar,Liberty
Brendan,Newton,Liberty
Wyatt,Wilkes,Florida State
Anthony,Polite,Florida State
MJ,Walker,Florida State
RaiQuan,Gray,Florida State
PJ,Savoy,Florida State
Christ,Koumadje,Florida State
Phil,Cofer,Florida State
Trent,Forrest,Florida State
David,Nichols,Florida State
Devin,Vassell,Florida State
Terance,Mann,Florida State
Mfiondu,Kabengele,Florida State
Jayden,Nixon,Virginia
Kody,Stattmann,Virginia
Kyle,Guy,Virginia
De'Andre,Hunter,Virginia
Tyler,Jerome,Virginia
Kihei,Clark,Virginia
Braxton,Key,Virginia
Mamadi,Diakite,Virginia
Jack,Salt,Virginia
Marco,Anthony,Virginia
Jay,Huff,Virginia
Javin,DeLaurier,Duke
Jordan,Goldwire,Duke
Alex,O'Connell,Duke
RJ,Barrett,Duke
Cam,Reddish,Duke
Tre,Jones,Duke
Zion,Williamson,Duke
Marques,Bolden,Duke
Jack,White,Duke
Antonio,Vrankovic,Duke
Justin,Robinson,Duke
Isaiah,Wilkins,Virginia Tech
Jonathan,Kabongo,Virginia Tech
PJ,Horne,Virginia Tech
Ahmed,Hill,Virginia Tech
Kerry,Blackshear,Virginia Tech
Nickeil,Alexander-Walker,Virginia Tech
Ty,Outlaw,Virginia Tech
Justin,Robinson,Virginia Tech
Wabissa,Bede,Virginia Tech
Filip,Petrusev,Gonzaga
Greg,Foster,Gonzaga
Jack,Beach,Gonzaga
Killian,Tillie,Gonzaga
Corey,Kispert,Gonzaga
Joel,Ayayi,Gonzaga
Geno,Crandall,Gonzaga
Josh,Perkins,Gonzaga
Zach,Norvell,Gonzaga
Jeremy,Jones,Gonzaga
Rui,Hachimura,Gonzaga
Brandon,Clarke,Gonzaga
Tommy,Rutherford,UC Irvine
John,Edgar,UC Irvine
Collin,Welp,UC Irvine
Evan,Leonard,UC Irvine
Elston,Jones,UC Irvine
Eyassu,Worku,UC Irvine
Max,Hazzard,UC Irvine
Robert,Cartwright,UC Irvine
Jonathan,Galloway,UC Irvine
Solomon,Ruddell,UC Irvine
Darrian,Traylor,UC Irvine
JC,Butler,UC Irvine
Spencer,Rivers,UC Irvine
Matisse,Thybulle,Washington
David,Crisp,Washington
Jaylen,Nowell,Washington
Nahziah,Carter,Washington
Dominic,Green,Washington
Noah,Dickerson,Washington
Jamal,Bey,Washington
Sam,Timmins,Washington
Hameir,Wright,Washington
Bol,Bol,Oregon
Abu,Kigab,Oregon
Ehab,Amin,Oregon
Francis,Okoro,Oregon
Miles,Norris,Oregon
Will,Richardson,Oregon
Kenny,Wooten,Oregon
Victor,Bailey,Oregon
Payton,Pritchard,Oregon
Paul,White,Oregon
Louis,King,Oregon
Ivan,Bender,Maryland
Joshua,Tomaic,Maryland
Darryl,Morsell,Maryland
Ricky,Lindo,Maryland
Bruno,Fernando,Maryland
Jalen,Smith,Maryland
Eric,Ayala,Maryland
Aaron,Wiggins,Maryland
Serrel,Smith,Maryland
Anthony,Cowan,Maryland
Laedon,LeDee,Ohio State
Joey,Lane,Ohio State
Justin,Ahrens,Ohio State
Musa,Jallow,Ohio State
Duane,Washington,Ohio State
Keyshawn,Woods,Ohio State
Andre,Wesson,Ohio State
CJ,Jackson,Ohio State
Kyle,Young,Ohio State
Kaleb,Wesson,Ohio State
Luther,Muhammad,Ohio State
Jarvis,Omersa,Minnesota
Michael,Hurt,Minnesota
Jordan,Murphy,Minnesota
Dupree,McBrayer,Minnesota
Amir,Coffey,Minnesota
Isaiah,Washington,Minnesota
Daniel,Oturu,Minnesota
Gabe,Kalscheur,Minnesota
Brock,Stull,Minnesota
Matz,Stockman,Minnesota
Eric,Curry,Minnesota
Marcus,Bingham,Michigan State
Thomas,Kithier,Michigan State
Foster,Loyer,Michigan State
Gabe,Brown,Michigan State
Nick,Ward,Michigan State
Kyle,Aherns,Michigan State
Joshua,Langford,Michigan State
Aaron,Henry,Michigan State
Xavier,Tillman,Michigan State
Matt,McQuaid,Michigan State
Kenny,Goins,Michigan State
Cassius,Winston,Michigan State
Brock,Bertram,Buffalo
Tra'Von,Fagan,Buffalo
Jeenathan,Williams,Buffalo
Dontay,Caruthers,Buffalo
Nick,Perkins,Buffalo
Montell,McRae,Buffalo
Jeremy,Harris,Buffalo
CJ,Massinburg,Buffalo
Jayvon,Graves,Buffalo
Ronaldo,Segu,Buffalo
Davonta,Jordan,Buffalo
Austin,Ash,Iowa
Jordan,Bohannon,Iowa
Joe,Wieskamp,Iowa
Tyler,Cook,Iowa
Luka,Garza,Iowa
Isaiah,Moss,Iowa
Riley,Till,Iowa
Nicholas,Baer,Iowa
Ryan,Kriener,Iowa
Connor,McCaffery,Iowa
Maishe,Dailey,Iowa
Colin,Castleton,Michigan
Austin,Davis,Michigan
Ignas,Brazdeikis,Michigan
Brandon,Johns,Michigan
David,DeJulius,Michigan
Zavier,Simpson,Michigan
Isaiah,Livers,Michigan
Adrien,Nunez,Michigan
Eli,Brooks,Michigan
Jordan,Poole,Michigan
Jon,Teske,Michigan
Charles,Matthews,Michigan
Carsen,Edwards,Purdue
Ryan,Cline,Purdue
Matt,Haarms,Purdue
Njoel,Eastern,Purdue
Grady,Eifert,Purdue
Evan,Boudreaux,Purdue
Trevion,Williams,Purdue
Aaorn,Wheeler,Purdue
Sasha,Stefanovic,Purdue
Eric,Hunter,Purdue
